[{
    "id": 100,
    "client_id": 101,
    "manager_id": 100,
    "lastMessage": "Tu: perfecto, nos pondremos en contacto para confirmar la cita",
    "date": "10-03-2016",
    "time": "09:",
    "messagesUnread": "2",
    "star": "1"
},
{
    "id": 101,
    "client_id": 101,
    "manager_id": 100,
    "lastMessage": "Tu: perfecto, nos pondremos en contacto para confirmar la cita",
    "date": "18-03-2016",
    "time": "15:00 - 16:30",
    "messagesUnread": "1",
    "star": "0"
},
{
    "id": 102,
    "client_id": 102,
    "manager_id": 100,
    "lastMessage": "Tu: perfecto, nos pondremos en contacto para confirmar la cita",
    "date": "11-03-2016",
    "time": "09:00",
    "messagesUnread": "3",
    "star": "0"
},
{
    "id": 103,
    "client_id": 103,
    "manager_id": 100,
    "lastMessage": "Tu: perfecto, nos pondremos en contacto para confirmar la cita",
    "date": "18-03-2016",
    "time": "15:00 - 16:30",
    "messagesUnread": "3",
    "star": "0"
},
{
    "id": 104,
    "client_id": 104,
    "manager_id": 100,
    "lastMessage": "Tu: perfecto, nos pondremos en contacto para confirmar la cita",
    "date": "19-03-2016",
    "time": "10:00 - 11:30",
    "messagesUnread": "0",
    "star": "1"
},
{
    "id": 105,
    "client_id": 105,
    "manager_id": 100,
    "lastMessage": "Tu: perfecto, nos pondremos en contacto para confirmar la cita",
    "date": "11-03-2016",
    "time": "09:00 - 11:00",
    "messagesUnread": "2",
    "star": "0"
},
{
    "id": 106,
    "client_id": 106,
    "manager_id": 100,
    "lastMessage": "Tu: perfecto, nos pondremos en contacto para confirmar la cita",
    "date": "10-03-2016",
    "time": "12:00 - 14:00",
    "messagesUnread": "0",
    "star": "1"
},
{
    "id": 107,
    "client_id": 107,
    "manager_id": 100,
    "lastMessage": "Tu: perfecto, nos pondremos en contacto para confirmar la cita",
    "date": "11-03-2016",
    "time": "09:00 - 11:00",
    "messagesUnread": "2",
    "star": "1"
}]