[{
    "id": 100,
    "photo": "/img/a1.jpg",
    "name": "David Santiago"    
},
{
    "id": 101,
    "photo": "/img/a2.jpg",
    "name": "Monica Smith"    
},
{
    "id": 102,
    "photo": "/img/a3.jpg",
    "name": "Michael Smith"    
},
{
    "id": 103,
    "photo": "/img/a4.jpg",
    "name": "Janet Smith"    
},
{
    "id": 104,
    "photo": "/img/a5.jpg",
    "name": "Alice Smith"    
},
{
    "id": 105,
    "photo": "/img/a6.jpg",
    "name": "Monica Cale"    
},
{
    "id": 106,
    "photo": "/img/a7.jpg",
    "name": "Mark Jordan"    
},
{
    "id": 107,
    "photo": "/img/a8.jpg",
    "name": "Janet Smith"    
}]